Date,Customer_ID,Product,Category,Region,Sales,Returns,Churn,Customer_Rating,Profit
2023-04-13,CUST_0001,Product_3,Sports,West,792.28,0,0,2,316.77
2023-06-29,CUST_0002,Product_3,Beauty,East,962.16,0,1,4,384.69
2023-04-03,CUST_0003,Product_1,Electronics,South,775.4,0,1,1,310.02
2023-01-15,CUST_0004,Product_8,Beauty,East,862.45,0,0,4,344.82
2023-04-17,CUST_0005,Product_8,Home,East,622.91,0,1,2,249.05
2023-03-13,CUST_0006,Product_11,Home,North,843.64,0,0,3,337.3
2023-01-21,CUST_0007,Product_9,Beauty,East,795.2,1,1,1,317.94
2023-04-13,CUST_0008,Product_5,Sports,South,408.14,1,1,1,163.18
2023-05-02,CUST_0009,Product_14,Sports,North,574.39,1,1,3,229.65
2023-03-16,CUST_0010,Product_3,Home,North,814.52,0,1,4,325.66
2023-03-29,CUST_0011,Product_5,Fashion,West,93.75,0,1,5,37.48
2023-04-27,CUST_0012,Product_5,Sports,West,817.68,0,1,4,326.92
2023-04-10,CUST_0013,Product_19,Beauty,East,218.99,1,0,2,87.56
2023-04-14,CUST_0014,Product_14,Sports,West,538.95,1,0,5,215.48
2023-06-01,CUST_0015,Product_4,Beauty,West,817.86,0,1,4,327.0
2023-05-11,CUST_0016,Product_13,Home,West,291.13,0,0,3,116.4
2023-05-30,CUST_0017,Product_10,Sports,North,283.52,1,1,2,113.36
2023-02-22,CUST_0018,Product_18,Beauty,North,432.63,1,0,2,172.97
2023-01-02,CUST_0019,Product_8,Home,North,899.91,1,1,2,359.8
2023-03-29,CUST_0020,Product_8,Fashion,West,50.42,0,0,5,20.16
2023-06-07,CUST_0021,Product_7,Beauty,North,906.31,0,1,1,362.36
2023-02-07,CUST_0022,Product_8,Fashion,West,196.12,0,0,5,78.41
2023-05-10,CUST_0023,Product_14,Fashion,North,990.58,1,1,4,396.05
2023-01-21,CUST_0024,Product_19,Electronics,North,957.1,1,0,1,382.67
2023-06-10,CUST_0025,Product_6,Sports,South,519.94,0,1,4,207.88
2023-02-27,CUST_0026,Product_1,Beauty,East,537.08,0,1,1,214.73
2023-01-22,CUST_0027,Product_15,Fashion,West,507.47,1,1,5,202.9
2023-03-30,CUST_0028,Product_1,Electronics,South,653.67,0,0,2,261.35
2023-02-18,CUST_0029,Product_17,Home,North,136.19,1,0,3,54.45
2023-02-28,CUST_0030,Product_1,Beauty,West,80.99,1,0,2,32.38
2023-06-19,CUST_0031,Product_15,Fashion,North,104.82,0,1,5,41.91
2023-01-15,CUST_0032,Product_2,Sports,East,472.15,1,0,1,188.77
2023-06-24,CUST_0033,Product_14,Electronics,South,311.77,0,1,2,124.65
2023-02-20,CUST_0034,Product_8,Fashion,East,640.94,1,0,5,256.26
2023-04-18,CUST_0035,Product_8,Sports,South,992.82,1,0,4,396.95
2023-02-24,CUST_0036,Product_19,Fashion,North,417.01,0,0,3,166.73
2023-03-05,CUST_0037,Product_7,Beauty,East,595.15,1,0,2,237.95
2023-05-11,CUST_0038,Product_19,Beauty,East,444.82,0,1,1,177.85
2023-02-20,CUST_0039,Product_6,Beauty,North,854.91,0,0,4,341.81
2023-05-15,CUST_0040,Product_6,Electronics,East,907.12,1,0,5,362.68
2023-01-21,CUST_0041,Product_3,Beauty,West,883.49,0,1,3,353.24
2023-03-14,CUST_0042,Product_7,Sports,South,975.65,0,1,1,390.08
2023-06-16,CUST_0043,Product_19,Fashion,South,76.14,0,0,5,30.44
2023-01-18,CUST_0044,Product_8,Home,South,847.83,0,0,5,338.98
2023-05-12,CUST_0045,Product_10,Sports,West,764.18,0,1,2,305.53
2023-03-30,CUST_0046,Product_20,Sports,South,267.26,0,1,2,106.86
2023-03-01,CUST_0047,Product_15,Beauty,North,958.5,1,1,1,383.23
2023-01-14,CUST_0048,Product_15,Electronics,East,190.77,0,0,5,76.27
2023-01-09,CUST_0049,Product_1,Fashion,West,695.57,1,0,2,278.1
2023-03-31,CUST_0050,Product_20,Electronics,South,263.65,1,0,3,105.41
2023-02-22,CUST_0051,Product_7,Fashion,North,459.81,0,1,3,183.84
2023-05-10,CUST_0052,Product_4,Fashion,East,733.2,1,1,5,293.15
2023-03-25,CUST_0053,Product_6,Electronics,East,585.16,1,1,2,233.96
2023-04-02,CUST_0054,Product_1,Sports,West,456.13,0,0,1,182.37
2023-04-21,CUST_0055,Product_5,Fashion,West,360.02,0,1,1,143.94
2023-06-21,CUST_0056,Product_1,Electronics,West,847.68,0,0,1,338.92
2023-01-08,CUST_0057,Product_4,Fashion,North,186.62,1,1,3,74.61
2023-06-24,CUST_0058,Product_2,Home,North,458.6,1,0,2,183.36
2023-02-04,CUST_0059,Product_10,Sports,West,908.57,0,0,2,363.26
2023-03-22,CUST_0060,Product_5,Beauty,South,853.56,0,1,3,341.27
2023-06-13,CUST_0061,Product_10,Fashion,East,430.89,1,0,1,172.28
2023-02-19,CUST_0062,Product_1,Home,East,774.95,1,1,1,309.84
2023-04-14,CUST_0063,Product_6,Beauty,North,832.0,1,0,5,332.65
2023-05-12,CUST_0064,Product_13,Beauty,East,894.44,1,1,4,357.61
2023-01-02,CUST_0065,Product_15,Fashion,South,567.28,0,1,2,226.81
2023-05-14,CUST_0066,Product_4,Electronics,East,244.24,1,0,2,97.65
2023-02-23,CUST_0067,Product_13,Fashion,North,292.54,1,1,2,116.96
2023-04-16,CUST_0068,Product_20,Home,North,330.91,1,0,4,132.3
2023-01-04,CUST_0069,Product_15,Beauty,South,614.11,1,1,5,245.53
2023-02-23,CUST_0070,Product_8,Fashion,South,81.17,0,1,4,32.45
2023-05-26,CUST_0071,Product_5,Electronics,East,654.24,0,1,1,261.58
2023-02-13,CUST_0072,Product_15,Fashion,East,396.14,1,1,1,158.38
2023-06-11,CUST_0073,Product_4,Sports,North,330.48,1,0,2,132.13
2023-01-14,CUST_0074,Product_12,Electronics,South,885.52,0,1,3,354.05
2023-04-05,CUST_0075,Product_13,Home,South,487.0,0,1,2,194.71
2023-02-17,CUST_0076,Product_2,Beauty,South,140.3,1,0,3,56.09
2023-01-15,CUST_0077,Product_19,Fashion,East,835.41,1,0,4,334.01
2023-02-09,CUST_0078,Product_19,Electronics,South,95.26,0,0,1,38.09
2023-03-23,CUST_0079,Product_4,Sports,North,740.41,0,0,3,296.03
2023-04-21,CUST_0080,Product_4,Electronics,North,785.21,0,0,4,313.94
2023-02-22,CUST_0081,Product_11,Sports,East,384.97,0,0,1,153.92
2023-01-24,CUST_0082,Product_5,Home,West,833.55,0,1,3,333.27
2023-06-03,CUST_0083,Product_20,Beauty,East,539.88,0,0,2,215.85
2023-05-04,CUST_0084,Product_11,Home,West,490.13,1,1,2,195.96
2023-02-10,CUST_0085,Product_10,Fashion,South,93.13,0,0,2,37.24
2023-06-06,CUST_0086,Product_8,Electronics,East,325.53,0,1,4,130.15
2023-01-15,CUST_0087,Product_6,Sports,North,934.46,0,1,2,373.61
2023-02-14,CUST_0088,Product_6,Sports,South,422.23,0,1,5,168.82
2023-03-06,CUST_0089,Product_8,Electronics,North,569.37,1,0,1,227.64
2023-03-30,CUST_0090,Product_15,Electronics,South,555.42,1,0,4,222.07
2023-03-12,CUST_0091,Product_14,Fashion,East,610.91,0,0,2,244.25
2023-01-09,CUST_0092,Product_11,Home,West,108.26,1,0,1,43.28
2023-03-29,CUST_0093,Product_12,Sports,South,394.07,1,1,3,157.56
2023-05-09,CUST_0094,Product_13,Fashion,West,736.97,1,0,2,294.65
2023-05-16,CUST_0095,Product_8,Home,South,240.53,1,1,1,96.17
2023-03-04,CUST_0096,Product_18,Fashion,North,243.4,1,1,5,97.32
2023-05-19,CUST_0097,Product_1,Sports,North,59.59,1,0,3,23.83
2023-03-22,CUST_0098,Product_15,Electronics,South,465.61,0,0,5,186.16
2023-05-16,CUST_0099,Product_8,Electronics,West,888.6,0,0,1,355.28
2023-06-12,CUST_0100,Product_11,Home,East,99.31,0,1,5,39.71
2023-06-12,CUST_0101,Product_12,Beauty,East,231.56,0,0,1,92.58
2023-02-02,CUST_0102,Product_12,Home,North,344.58,0,1,1,137.77
2023-05-03,CUST_0103,Product_4,Beauty,East,745.14,1,0,5,297.92
2023-01-05,CUST_0104,Product_16,Fashion,North,658.6,0,1,1,263.32
2023-02-10,CUST_0105,Product_4,Fashion,East,445.15,0,0,2,177.98
2023-01-28,CUST_0106,Product_5,Sports,South,771.12,1,0,1,308.31
2023-05-15,CUST_0107,Product_5,Beauty,North,629.15,1,1,4,251.55
2023-03-13,CUST_0108,Product_8,Sports,North,901.24,0,0,1,360.33
2023-01-12,CUST_0109,Product_10,Electronics,South,827.13,1,0,4,330.7
2023-06-11,CUST_0110,Product_17,Beauty,North,290.17,1,0,1,116.02
2023-02-02,CUST_0111,Product_9,Home,East,307.87,1,0,1,123.09
2023-02-17,CUST_0112,Product_19,Electronics,East,169.09,1,0,5,67.61
2023-05-31,CUST_0113,Product_14,Electronics,North,370.12,0,0,2,147.98
2023-03-03,CUST_0114,Product_8,Home,East,999.57,1,0,2,399.65
2023-02-06,CUST_0115,Product_9,Electronics,West,435.46,0,1,3,174.1
2023-04-09,CUST_0116,Product_11,Beauty,North,259.46,0,1,5,103.74
2023-06-21,CUST_0117,Product_1,Sports,South,774.36,1,0,5,309.6
2023-04-14,CUST_0118,Product_14,Electronics,West,565.35,1,0,2,226.04
2023-02-04,CUST_0119,Product_5,Beauty,North,192.12,1,0,5,76.81
2023-04-11,CUST_0120,Product_14,Fashion,South,411.66,0,1,2,164.59
2023-06-24,CUST_0121,Product_4,Beauty,East,443.75,1,1,5,177.42
2023-05-11,CUST_0122,Product_1,Sports,South,766.14,1,0,1,306.32
2023-01-01,CUST_0123,Product_19,Beauty,West,69.64,1,1,2,27.84
2023-01-05,CUST_0124,Product_8,Home,East,305.57,1,0,2,122.17
2023-05-22,CUST_0125,Product_15,Sports,North,541.72,1,0,4,216.59
2023-04-13,CUST_0126,Product_15,Fashion,East,305.4,0,0,5,122.1
2023-01-27,CUST_0127,Product_9,Home,North,647.01,1,0,5,258.69
2023-05-17,CUST_0128,Product_9,Beauty,North,507.77,1,1,2,203.02
2023-01-15,CUST_0129,Product_10,Sports,South,393.62,1,1,1,157.38
2023-03-31,CUST_0130,Product_20,Fashion,South,951.75,0,0,1,380.53
2023-02-11,CUST_0131,Product_9,Home,South,650.55,1,1,1,260.1
2023-05-04,CUST_0132,Product_3,Fashion,West,173.44,0,1,5,69.34
2023-06-28,CUST_0133,Product_20,Beauty,West,582.09,0,0,4,232.73
2023-03-04,CUST_0134,Product_11,Fashion,South,791.7,1,1,2,316.54
2023-04-06,CUST_0135,Product_6,Electronics,West,723.07,1,0,3,289.1
2023-02-21,CUST_0136,Product_2,Home,East,213.48,1,0,4,85.35
2023-04-06,CUST_0137,Product_7,Fashion,East,973.8,0,0,3,389.34
2023-05-12,CUST_0138,Product_18,Beauty,West,476.37,0,0,4,190.46
2023-05-31,CUST_0139,Product_2,Beauty,West,201.07,0,1,1,80.39
2023-05-23,CUST_0140,Product_17,Fashion,East,221.19,0,0,5,88.44
2023-06-20,CUST_0141,Product_11,Beauty,North,143.32,0,1,3,57.3
2023-01-29,CUST_0142,Product_12,Sports,East,813.34,0,0,4,325.19
2023-02-05,CUST_0143,Product_19,Sports,East,165.93,1,0,5,66.34
2023-01-13,CUST_0144,Product_7,Sports,West,168.87,1,1,3,67.52
2023-06-09,CUST_0145,Product_20,Electronics,East,857.95,0,0,2,343.02
2023-03-12,CUST_0146,Product_6,Fashion,West,377.37,1,1,4,150.88
2023-03-27,CUST_0147,Product_1,Electronics,West,79.32,1,1,2,31.71
2023-01-28,CUST_0148,Product_17,Beauty,South,99.3,0,0,1,39.7
2023-03-07,CUST_0149,Product_11,Electronics,East,185.06,0,0,2,73.99
2023-06-19,CUST_0150,Product_18,Beauty,North,252.72,1,0,2,101.04
2023-02-14,CUST_0151,Product_17,Beauty,South,681.89,0,0,4,272.63
2023-03-03,CUST_0152,Product_7,Home,West,199.46,0,0,1,79.75
2023-05-14,CUST_0153,Product_17,Sports,West,162.93,1,0,2,65.14
2023-01-28,CUST_0154,Product_20,Beauty,North,776.48,0,1,5,310.45
2023-01-28,CUST_0155,Product_9,Home,West,687.5,1,1,3,274.88
2023-04-18,CUST_0156,Product_17,Sports,East,463.56,1,0,2,185.34
2023-02-13,CUST_0157,Product_20,Beauty,South,571.84,1,1,1,228.63
2023-03-25,CUST_0158,Product_8,Beauty,West,346.38,1,1,2,138.49
2023-01-30,CUST_0159,Product_17,Electronics,West,508.38,1,0,3,203.26
2023-03-16,CUST_0160,Product_7,Electronics,North,531.34,0,0,1,212.44
2023-05-08,CUST_0161,Product_1,Sports,East,417.88,0,1,4,167.08
2023-04-02,CUST_0162,Product_13,Beauty,West,911.24,0,0,1,364.33
2023-05-09,CUST_0163,Product_19,Fashion,North,65.26,0,1,4,26.09
2023-05-01,CUST_0164,Product_19,Electronics,West,793.06,1,0,1,317.08
2023-01-27,CUST_0165,Product_17,Sports,North,168.16,1,1,3,67.23
2023-05-01,CUST_0166,Product_13,Beauty,North,807.67,0,1,3,322.92
2023-04-26,CUST_0167,Product_16,Beauty,East,635.12,1,1,1,253.93
2023-01-03,CUST_0168,Product_8,Fashion,West,851.11,0,1,2,340.29
2023-04-13,CUST_0169,Product_19,Sports,East,142.64,0,0,3,57.03
2023-06-04,CUST_0170,Product_18,Beauty,North,581.03,0,0,4,232.31
2023-05-17,CUST_0171,Product_1,Electronics,South,526.03,1,1,4,210.32
2023-03-03,CUST_0172,Product_14,Fashion,West,720.88,1,1,5,288.22
2023-06-14,CUST_0173,Product_19,Sports,South,557.58,1,0,4,222.93
2023-02-20,CUST_0174,Product_15,Fashion,West,563.7,1,0,5,225.38
2023-06-21,CUST_0175,Product_18,Electronics,East,458.12,0,1,1,183.16
2023-06-01,CUST_0176,Product_2,Sports,East,343.39,1,1,1,137.29
2023-02-28,CUST_0177,Product_17,Fashion,East,508.15,1,1,1,203.17
2023-04-28,CUST_0178,Product_18,Home,East,162.57,1,1,2,65.0
2023-06-09,CUST_0179,Product_6,Electronics,East,963.44,0,1,2,385.2
2023-04-06,CUST_0180,Product_19,Electronics,South,728.69,0,0,5,291.34
2023-06-29,CUST_0181,Product_4,Electronics,East,954.84,1,1,4,381.76
2023-04-23,CUST_0182,Product_1,Home,North,265.39,1,0,4,106.11
2023-03-03,CUST_0183,Product_8,Home,North,885.37,1,0,1,353.99
2023-02-21,CUST_0184,Product_7,Beauty,South,818.35,1,0,3,327.19
2023-01-12,CUST_0185,Product_3,Fashion,West,693.29,0,1,2,277.19
2023-02-08,CUST_0186,Product_10,Beauty,North,643.78,1,0,2,257.39
2023-05-10,CUST_0187,Product_10,Fashion,West,350.72,1,0,1,140.22
2023-05-11,CUST_0188,Product_19,Home,South,825.59,1,0,2,330.09
2023-04-23,CUST_0189,Product_14,Home,West,526.44,0,0,1,210.48
2023-04-11,CUST_0190,Product_2,Beauty,West,117.35,0,1,5,46.92
2023-04-23,CUST_0191,Product_1,Sports,West,347.22,1,1,4,138.82
2023-03-22,CUST_0192,Product_18,Beauty,West,938.53,1,0,3,375.24
2023-04-23,CUST_0193,Product_7,Fashion,South,858.15,1,0,4,343.1
2023-01-02,CUST_0194,Product_8,Beauty,North,982.81,1,1,4,392.95
2023-05-10,CUST_0195,Product_1,Electronics,East,646.59,1,1,5,258.52
2023-02-23,CUST_0196,Product_3,Fashion,West,285.13,0,1,2,114.0
2023-03-28,CUST_0197,Product_8,Fashion,North,204.67,0,0,3,81.83
2023-05-09,CUST_0198,Product_15,Sports,North,227.57,0,1,2,90.99
2023-05-27,CUST_0199,Product_5,Home,South,68.81,1,0,4,27.51
2023-05-06,CUST_0200,Product_3,Fashion,North,421.15,0,0,1,168.38
2023-05-10,CUST_0201,Product_19,Home,South,231.86,0,1,4,92.7
2023-02-22,CUST_0202,Product_1,Beauty,West,441.07,0,0,2,176.35
2023-06-21,CUST_0203,Product_15,Electronics,West,938.24,1,1,4,375.13
2023-06-09,CUST_0204,Product_8,Sports,East,459.01,1,0,1,183.52
2023-06-09,CUST_0205,Product_2,Home,East,884.09,0,1,5,353.48
2023-03-09,CUST_0206,Product_3,Fashion,East,625.23,1,0,2,249.98
2023-05-03,CUST_0207,Product_14,Home,North,284.77,0,0,4,113.86
2023-05-25,CUST_0208,Product_14,Fashion,West,388.06,0,1,2,155.15
2023-02-07,CUST_0209,Product_11,Home,South,129.72,0,1,5,51.86
2023-01-24,CUST_0210,Product_16,Fashion,East,366.79,0,1,4,146.65
2023-03-10,CUST_0211,Product_4,Beauty,South,693.66,1,1,4,277.34
2023-04-26,CUST_0212,Product_20,Fashion,South,118.51,1,0,2,47.38
2023-04-08,CUST_0213,Product_5,Fashion,East,245.13,1,1,2,98.01
2023-05-19,CUST_0214,Product_14,Electronics,West,412.37,1,1,1,164.87
2023-05-24,CUST_0215,Product_16,Fashion,East,982.95,0,0,5,393.0
2023-04-07,CUST_0216,Product_18,Electronics,South,795.62,1,1,1,318.1
2023-05-04,CUST_0217,Product_7,Sports,East,746.81,0,1,4,298.59
2023-03-11,CUST_0218,Product_10,Electronics,South,160.38,1,0,2,64.12
2023-04-03,CUST_0219,Product_7,Beauty,South,791.95,1,1,4,316.64
2023-01-03,CUST_0220,Product_1,Electronics,East,796.01,1,1,4,318.26
2023-05-28,CUST_0221,Product_19,Sports,North,621.05,0,1,3,248.31
2023-06-13,CUST_0222,Product_16,Beauty,East,990.84,0,1,3,396.16
2023-05-27,CUST_0223,Product_19,Home,North,358.99,0,1,4,143.53
2023-03-31,CUST_0224,Product_4,Home,South,944.21,0,1,2,377.51
2023-05-27,CUST_0225,Product_18,Electronics,South,918.99,1,0,4,367.43
2023-05-28,CUST_0226,Product_2,Electronics,North,60.91,0,1,3,24.35
2023-04-06,CUST_0227,Product_1,Sports,South,477.61,0,0,2,190.96
2023-02-21,CUST_0228,Product_15,Sports,North,978.25,1,0,4,391.12
2023-06-10,CUST_0229,Product_5,Fashion,North,147.97,1,0,5,59.16
2023-06-17,CUST_0230,Product_20,Sports,South,570.4,0,0,5,228.06
2023-05-08,CUST_0231,Product_11,Fashion,West,980.01,1,1,4,391.83
2023-02-08,CUST_0232,Product_10,Beauty,North,577.72,0,1,2,230.98
2023-03-23,CUST_0233,Product_2,Electronics,East,230.32,1,1,4,92.09
2023-04-14,CUST_0234,Product_3,Beauty,East,603.07,0,0,4,241.12
2023-05-09,CUST_0235,Product_12,Sports,South,244.22,0,1,3,97.64
2023-01-11,CUST_0236,Product_20,Beauty,West,543.72,0,1,5,217.39
2023-06-27,CUST_0237,Product_5,Beauty,South,120.34,0,1,3,48.11
2023-05-31,CUST_0238,Product_5,Beauty,West,625.21,0,0,3,249.97
2023-06-08,CUST_0239,Product_6,Sports,North,540.95,1,0,4,216.28
2023-02-11,CUST_0240,Product_9,Beauty,North,753.15,0,1,3,301.12
2023-04-09,CUST_0241,Product_2,Fashion,North,649.17,0,0,5,259.55
2023-01-07,CUST_0242,Product_12,Sports,North,572.13,0,0,3,228.75
2023-05-24,CUST_0243,Product_3,Beauty,East,705.29,0,1,5,281.99
2023-03-31,CUST_0244,Product_20,Sports,East,186.74,0,0,3,74.66
2023-04-22,CUST_0245,Product_12,Home,South,615.59,1,0,5,246.12
2023-03-01,CUST_0246,Product_17,Fashion,West,213.51,1,1,3,85.37
2023-04-23,CUST_0247,Product_10,Beauty,North,929.25,0,0,3,371.53
2023-01-02,CUST_0248,Product_14,Home,North,114.92,1,0,2,45.95
2023-05-09,CUST_0249,Product_17,Home,West,458.86,0,0,5,183.46
2023-02-17,CUST_0250,Product_18,Sports,West,711.01,1,0,5,284.27
2023-05-20,CUST_0251,Product_19,Home,South,485.12,1,0,5,193.96
2023-02-06,CUST_0252,Product_17,Fashion,West,137.49,0,0,1,54.97
2023-06-09,CUST_0253,Product_14,Fashion,North,575.71,1,0,3,230.18
2023-01-09,CUST_0254,Product_9,Electronics,North,659.55,1,0,5,263.7
2023-04-09,CUST_0255,Product_8,Fashion,North,718.6,0,1,1,287.31
2023-05-27,CUST_0256,Product_2,Home,North,404.6,0,1,2,161.77
2023-02-17,CUST_0257,Product_13,Fashion,North,585.48,1,1,5,234.09
2023-05-11,CUST_0258,Product_7,Sports,South,478.15,1,1,5,191.17
2023-05-28,CUST_0259,Product_9,Electronics,North,688.45,1,0,1,275.25
2023-06-01,CUST_0260,Product_11,Home,South,604.38,0,1,3,241.64
2023-02-23,CUST_0261,Product_14,Electronics,North,549.47,1,1,2,219.69
2023-04-30,CUST_0262,Product_4,Home,East,287.05,1,0,5,114.77
2023-06-10,CUST_0263,Product_13,Sports,East,51.92,1,0,3,20.76
2023-06-01,CUST_0264,Product_2,Electronics,East,215.38,0,0,2,86.11
2023-04-26,CUST_0265,Product_5,Beauty,East,161.21,0,0,4,64.45
2023-03-16,CUST_0266,Product_11,Home,South,476.63,0,0,4,190.57
2023-04-23,CUST_0267,Product_6,Beauty,South,631.65,0,1,2,252.55
2023-06-13,CUST_0268,Product_18,Electronics,West,252.43,1,0,1,100.93
2023-06-15,CUST_0269,Product_10,Beauty,North,942.1,0,1,2,376.67
2023-04-14,CUST_0270,Product_4,Beauty,East,56.35,1,1,2,22.53
2023-03-25,CUST_0271,Product_9,Electronics,South,783.69,1,0,1,313.33
2023-04-22,CUST_0272,Product_6,Sports,North,643.94,1,1,1,257.46
2023-04-09,CUST_0273,Product_2,Beauty,North,404.88,1,1,3,161.88
2023-06-02,CUST_0274,Product_17,Beauty,South,97.96,0,0,3,39.17
2023-04-03,CUST_0275,Product_5,Sports,East,646.11,0,1,1,258.33
2023-05-26,CUST_0276,Product_6,Beauty,West,416.33,0,1,4,166.46
2023-05-08,CUST_0277,Product_12,Beauty,North,939.45,0,1,4,375.61
2023-04-20,CUST_0278,Product_10,Beauty,West,564.89,0,0,2,225.85
2023-03-23,CUST_0279,Product_6,Fashion,East,942.67,1,0,5,376.9
2023-02-23,CUST_0280,Product_8,Sports,East,259.46,0,0,2,103.74
2023-06-12,CUST_0281,Product_2,Beauty,West,739.44,0,1,2,295.64
2023-06-18,CUST_0282,Product_12,Sports,East,636.39,0,0,5,254.44
2023-06-10,CUST_0283,Product_13,Home,North,752.44,0,1,1,300.84
2023-03-09,CUST_0284,Product_7,Home,West,253.93,1,0,4,101.53
2023-02-02,CUST_0285,Product_10,Beauty,East,681.74,1,1,2,272.57
2023-05-22,CUST_0286,Product_13,Sports,West,523.14,1,0,5,209.16
2023-01-21,CUST_0287,Product_17,Sports,North,755.68,1,0,3,302.13
2023-02-17,CUST_0288,Product_14,Sports,East,360.69,1,1,2,144.21
2023-05-28,CUST_0289,Product_2,Fashion,North,895.55,0,0,4,358.06
2023-05-08,CUST_0290,Product_11,Home,East,130.09,1,1,1,52.01
2023-05-16,CUST_0291,Product_1,Sports,South,816.83,1,0,2,326.58
2023-05-15,CUST_0292,Product_19,Sports,East,868.25,1,0,2,347.14
2023-05-25,CUST_0293,Product_4,Fashion,West,826.39,0,1,5,330.41
2023-05-08,CUST_0294,Product_19,Fashion,East,537.09,0,1,3,214.74
2023-02-02,CUST_0295,Product_11,Sports,North,466.47,1,1,3,186.5
2023-06-25,CUST_0296,Product_8,Electronics,North,996.45,0,0,1,398.4
2023-04-25,CUST_0297,Product_11,Sports,East,267.71,0,1,4,107.04
2023-04-29,CUST_0298,Product_4,Sports,West,569.53,1,0,1,227.71
2023-01-22,CUST_0299,Product_17,Fashion,South,687.14,0,1,2,274.73
2023-06-07,CUST_0300,Product_7,Fashion,West,715.82,0,1,2,286.2
2023-02-07,CUST_0301,Product_8,Sports,South,243.82,0,1,3,97.48
2023-04-19,CUST_0302,Product_3,Sports,North,671.29,1,1,4,268.39
2023-02-20,CUST_0303,Product_2,Sports,West,827.45,1,1,5,330.83
2023-01-08,CUST_0304,Product_15,Fashion,South,97.52,1,1,4,38.99
2023-01-27,CUST_0305,Product_5,Sports,East,915.95,0,0,2,366.21
2023-01-27,CUST_0306,Product_1,Sports,North,78.03,1,1,5,31.2
2023-01-21,CUST_0307,Product_4,Beauty,East,388.17,0,0,4,155.2
2023-01-30,CUST_0308,Product_15,Electronics,North,65.02,0,1,4,26.0
2023-04-07,CUST_0309,Product_20,Home,West,123.29,0,1,5,49.29
2023-01-28,CUST_0310,Product_19,Electronics,West,915.61,1,1,2,366.08
2023-04-21,CUST_0311,Product_3,Beauty,North,387.12,1,0,4,154.78
2023-03-02,CUST_0312,Product_20,Home,North,453.53,1,0,5,181.33
2023-02-17,CUST_0313,Product_11,Sports,North,254.58,1,1,2,101.79
2023-05-27,CUST_0314,Product_17,Beauty,West,617.24,0,0,5,246.78
2023-01-04,CUST_0315,Product_13,Sports,South,615.06,1,1,5,245.91
2023-02-04,CUST_0316,Product_11,Fashion,East,403.59,0,1,4,161.36
2023-02-18,CUST_0317,Product_2,Beauty,East,366.38,1,0,2,146.49
2023-01-17,CUST_0318,Product_9,Fashion,West,890.72,1,0,4,356.13
2023-06-21,CUST_0319,Product_2,Beauty,East,414.12,1,0,1,165.57
2023-06-07,CUST_0320,Product_9,Beauty,North,518.83,0,0,1,207.44
2023-02-15,CUST_0321,Product_9,Fashion,South,319.14,0,1,2,127.6
2023-04-27,CUST_0322,Product_8,Home,East,797.43,0,0,5,318.83
2023-01-06,CUST_0323,Product_17,Electronics,South,427.58,0,0,4,170.95
2023-04-09,CUST_0324,Product_1,Sports,North,537.93,0,1,4,215.07
2023-05-04,CUST_0325,Product_11,Beauty,East,290.69,1,0,2,116.22
2023-02-06,CUST_0326,Product_8,Sports,West,988.28,0,0,2,395.13
2023-01-24,CUST_0327,Product_10,Fashion,South,326.92,0,0,1,130.71
2023-04-03,CUST_0328,Product_7,Sports,North,782.21,0,0,3,312.74
2023-02-15,CUST_0329,Product_3,Fashion,South,456.12,0,1,2,182.37
2023-04-05,CUST_0330,Product_3,Sports,East,245.91,1,1,3,98.32
2023-04-09,CUST_0331,Product_18,Electronics,East,809.73,0,0,2,323.74
2023-04-26,CUST_0332,Product_5,Electronics,West,366.93,1,0,5,146.71
2023-06-09,CUST_0333,Product_12,Electronics,North,871.93,1,1,5,348.61
2023-06-10,CUST_0334,Product_12,Electronics,North,919.49,1,0,1,367.63
2023-03-08,CUST_0335,Product_19,Electronics,West,866.83,0,0,1,346.57
2023-05-08,CUST_0336,Product_6,Electronics,West,83.26,1,0,3,33.29
2023-01-18,CUST_0337,Product_2,Fashion,North,798.0,0,0,2,319.05
2023-01-25,CUST_0338,Product_12,Beauty,South,440.77,0,0,4,176.23
2023-02-23,CUST_0339,Product_19,Sports,South,880.04,0,0,1,351.86
2023-02-27,CUST_0340,Product_5,Electronics,West,656.06,0,0,4,262.3
2023-03-08,CUST_0341,Product_12,Fashion,South,841.96,0,0,4,336.63
2023-04-14,CUST_0342,Product_17,Fashion,North,524.46,1,0,2,209.69
2023-06-23,CUST_0343,Product_17,Fashion,East,558.27,1,1,3,223.21
2023-01-24,CUST_0344,Product_10,Beauty,East,187.17,0,1,2,74.83
2023-04-24,CUST_0345,Product_17,Sports,South,794.79,1,1,1,317.77
2023-02-01,CUST_0346,Product_15,Beauty,West,448.42,0,0,4,179.29
2023-06-24,CUST_0347,Product_12,Home,West,525.08,1,0,2,209.94
2023-03-27,CUST_0348,Product_16,Fashion,West,795.84,1,1,2,318.19
2023-05-31,CUST_0349,Product_19,Home,West,618.9,1,0,2,247.45
2023-05-07,CUST_0350,Product_8,Electronics,West,241.04,1,1,1,96.37
2023-06-04,CUST_0351,Product_17,Electronics,South,610.72,1,0,3,244.18
2023-05-10,CUST_0352,Product_5,Beauty,East,437.25,0,1,2,174.82
2023-01-17,CUST_0353,Product_16,Sports,East,496.05,0,1,1,198.33
2023-04-14,CUST_0354,Product_6,Home,South,76.9,1,1,4,30.75
2023-06-10,CUST_0355,Product_8,Sports,West,249.53,0,0,5,99.77
2023-05-17,CUST_0356,Product_18,Beauty,South,316.99,1,1,1,126.74
2023-02-12,CUST_0357,Product_12,Electronics,East,727.31,0,0,5,290.79
2023-06-25,CUST_0358,Product_15,Sports,North,60.92,1,0,2,24.36
2023-02-08,CUST_0359,Product_9,Sports,South,438.34,1,0,2,175.26
2023-06-19,CUST_0360,Product_13,Electronics,West,927.83,1,0,1,370.96
2023-01-26,CUST_0361,Product_15,Home,East,156.29,0,0,5,62.49
2023-04-09,CUST_0362,Product_10,Electronics,East,540.6,0,0,2,216.14
2023-02-19,CUST_0363,Product_16,Sports,East,797.2,1,0,4,318.74
2023-06-02,CUST_0364,Product_7,Home,East,945.4,1,1,3,377.99
2023-06-01,CUST_0365,Product_17,Home,West,759.44,0,1,3,303.64
2023-01-13,CUST_0366,Product_7,Electronics,North,734.54,0,1,2,293.68
2023-03-01,CUST_0367,Product_14,Sports,East,835.16,0,0,5,333.91
2023-05-15,CUST_0368,Product_15,Beauty,South,473.89,0,0,2,189.47
2023-02-26,CUST_0369,Product_7,Sports,North,815.55,0,0,5,326.07
2023-02-05,CUST_0370,Product_9,Fashion,East,57.57,1,0,4,23.02
2023-06-22,CUST_0371,Product_19,Beauty,North,928.33,0,1,5,371.16
2023-01-20,CUST_0372,Product_16,Home,South,471.14,1,0,2,188.37
2023-03-06,CUST_0373,Product_8,Beauty,East,575.71,1,1,4,230.18
2023-01-08,CUST_0374,Product_18,Home,South,292.14,0,0,1,116.8
2023-05-24,CUST_0375,Product_18,Home,West,755.4,0,1,3,302.02
2023-05-22,CUST_0376,Product_20,Beauty,East,122.8,1,0,2,49.1
2023-04-25,CUST_0377,Product_7,Home,East,879.0,0,1,2,351.44
2023-05-23,CUST_0378,Product_3,Home,East,836.71,1,0,2,334.53
2023-04-02,CUST_0379,Product_18,Fashion,East,255.26,0,1,4,102.06
2023-04-08,CUST_0380,Product_10,Sports,West,818.86,0,0,1,327.4
2023-03-07,CUST_0381,Product_7,Sports,East,797.04,0,1,5,318.67
2023-02-01,CUST_0382,Product_17,Fashion,North,650.61,1,1,1,260.13
2023-03-27,CUST_0383,Product_14,Beauty,East,404.84,0,0,4,161.86
2023-02-20,CUST_0384,Product_3,Electronics,West,307.92,1,1,2,123.11
2023-06-02,CUST_0385,Product_12,Electronics,East,270.19,0,0,3,108.03
2023-03-04,CUST_0386,Product_13,Electronics,North,352.68,1,0,2,141.01
2023-05-05,CUST_0387,Product_2,Fashion,West,908.38,0,0,5,363.19
2023-05-30,CUST_0388,Product_3,Fashion,West,123.76,1,1,3,49.48
2023-02-27,CUST_0389,Product_5,Home,North,837.43,1,1,2,334.82
2023-02-27,CUST_0390,Product_11,Electronics,North,381.45,1,0,3,152.51
2023-03-27,CUST_0391,Product_8,Beauty,North,545.52,1,0,1,218.11
2023-02-18,CUST_0392,Product_12,Beauty,North,804.76,1,1,4,321.76
2023-06-29,CUST_0393,Product_7,Electronics,North,890.16,1,1,2,355.9
2023-06-19,CUST_0394,Product_15,Electronics,West,377.54,0,1,5,150.95
2023-03-11,CUST_0395,Product_17,Electronics,West,488.75,1,0,1,195.41
2023-01-15,CUST_0396,Product_4,Fashion,East,443.79,1,0,2,177.44
2023-02-23,CUST_0397,Product_13,Fashion,East,62.59,1,0,1,25.02
2023-04-11,CUST_0398,Product_18,Fashion,South,331.15,0,0,5,132.4
2023-01-08,CUST_0399,Product_1,Sports,East,486.23,0,0,2,194.4
2023-02-22,CUST_0400,Product_16,Beauty,East,440.54,0,1,5,176.14
2023-03-01,CUST_0401,Product_13,Beauty,North,735.83,1,0,3,294.2
2023-04-18,CUST_0402,Product_10,Home,North,415.56,0,1,5,166.15
2023-01-05,CUST_0403,Product_12,Fashion,East,514.91,0,1,3,205.87
2023-04-13,CUST_0404,Product_2,Sports,South,458.13,1,0,2,183.17
2023-01-06,CUST_0405,Product_3,Sports,North,753.59,1,1,3,301.3
2023-04-19,CUST_0406,Product_10,Beauty,East,869.82,0,0,2,347.77
2023-04-26,CUST_0407,Product_2,Fashion,East,555.29,1,1,2,222.02
2023-04-04,CUST_0408,Product_13,Home,West,799.96,1,0,4,319.84
2023-02-16,CUST_0409,Product_13,Fashion,South,331.95,1,0,2,132.72
2023-04-09,CUST_0410,Product_18,Electronics,West,564.3,1,1,3,225.62
2023-02-24,CUST_0411,Product_3,Fashion,South,377.97,0,0,4,151.12
2023-06-17,CUST_0412,Product_7,Electronics,North,443.49,1,1,4,177.32
2023-02-21,CUST_0413,Product_14,Electronics,South,745.79,0,0,2,298.18
2023-05-24,CUST_0414,Product_20,Home,East,887.58,0,0,5,354.87
2023-01-13,CUST_0415,Product_17,Beauty,East,165.42,0,0,5,66.14
2023-04-24,CUST_0416,Product_12,Fashion,South,652.91,0,1,4,261.05
2023-05-04,CUST_0417,Product_16,Electronics,South,603.04,1,1,2,241.11
2023-04-16,CUST_0418,Product_12,Fashion,South,162.49,1,0,5,64.97
2023-06-07,CUST_0419,Product_15,Beauty,West,251.3,1,1,2,100.47
2023-05-27,CUST_0420,Product_10,Beauty,South,345.45,0,0,2,138.12
2023-05-25,CUST_0421,Product_7,Sports,North,208.58,0,1,4,83.39
2023-04-30,CUST_0422,Product_20,Beauty,West,281.54,0,1,4,112.56
2023-03-04,CUST_0423,Product_5,Home,West,304.22,1,0,1,121.63
2023-01-19,CUST_0424,Product_1,Electronics,South,368.89,0,0,5,147.49
2023-04-02,CUST_0425,Product_17,Sports,North,761.92,1,0,5,304.63
2023-02-27,CUST_0426,Product_3,Home,West,593.32,1,0,5,237.22
2023-03-31,CUST_0427,Product_13,Fashion,East,986.93,1,0,3,394.59
2023-04-27,CUST_0428,Product_14,Electronics,West,444.0,1,1,2,177.52
2023-03-03,CUST_0429,Product_18,Beauty,South,766.17,0,1,4,306.33
2023-01-23,CUST_0430,Product_4,Electronics,North,877.9,1,0,5,351.0
2023-05-07,CUST_0431,Product_18,Fashion,South,695.03,0,0,1,277.89
2023-05-17,CUST_0432,Product_5,Sports,East,441.27,1,0,5,176.43
2023-05-20,CUST_0433,Product_16,Sports,East,765.91,0,1,2,306.22
2023-05-09,CUST_0434,Product_1,Sports,East,243.48,0,0,2,97.35
2023-02-27,CUST_0435,Product_14,Beauty,South,361.17,1,0,4,144.4
2023-05-02,CUST_0436,Product_15,Home,West,569.35,1,1,3,227.64
2023-01-01,CUST_0437,Product_9,Home,South,596.64,1,1,4,238.55
2023-02-03,CUST_0438,Product_15,Electronics,North,71.03,0,1,5,28.4
2023-04-06,CUST_0439,Product_17,Beauty,West,947.86,1,1,1,378.97
2023-05-06,CUST_0440,Product_4,Sports,East,711.8,1,0,4,284.59
2023-04-28,CUST_0441,Product_12,Sports,South,520.92,0,1,3,208.27
2023-02-17,CUST_0442,Product_5,Fashion,East,936.47,1,1,4,374.42
2023-03-30,CUST_0443,Product_5,Fashion,East,467.14,0,0,2,186.77
2023-04-27,CUST_0444,Product_11,Sports,North,981.41,1,0,5,392.39
2023-05-09,CUST_0445,Product_6,Sports,West,536.67,0,0,5,214.57
2023-01-16,CUST_0446,Product_7,Beauty,North,158.57,0,1,5,63.4
2023-03-10,CUST_0447,Product_14,Home,North,776.56,1,0,5,310.48
2023-01-22,CUST_0448,Product_11,Fashion,North,694.95,0,1,5,277.85
2023-04-03,CUST_0449,Product_13,Home,East,784.34,1,1,5,313.59
2023-03-17,CUST_0450,Product_2,Beauty,North,953.87,1,1,1,381.37
2023-06-03,CUST_0451,Product_7,Sports,North,787.66,0,0,3,314.92
2023-05-24,CUST_0452,Product_20,Home,West,630.77,1,1,5,252.19
2023-06-28,CUST_0453,Product_4,Sports,West,864.44,0,0,3,345.62
2023-03-27,CUST_0454,Product_8,Sports,North,689.58,0,0,5,275.71
2023-01-29,CUST_0455,Product_20,Electronics,West,437.71,0,0,4,175.0
2023-03-10,CUST_0456,Product_19,Home,West,891.34,0,1,5,356.37
2023-02-16,CUST_0457,Product_13,Home,North,260.81,0,1,2,104.28
2023-04-04,CUST_0458,Product_14,Sports,East,728.91,0,1,1,291.43
2023-05-24,CUST_0459,Product_10,Beauty,North,887.49,0,0,4,354.83
2023-06-25,CUST_0460,Product_11,Electronics,West,744.75,0,1,4,297.76
2023-03-26,CUST_0461,Product_2,Sports,East,712.41,1,1,2,284.83
2023-02-08,CUST_0462,Product_9,Fashion,South,765.01,1,1,5,305.86
2023-04-10,CUST_0463,Product_17,Fashion,East,491.8,0,1,1,196.63
2023-02-02,CUST_0464,Product_3,Electronics,West,880.46,1,1,4,352.02
2023-04-11,CUST_0465,Product_6,Beauty,East,243.26,1,0,1,97.26
2023-01-23,CUST_0466,Product_5,Sports,North,171.02,1,0,4,68.38
2023-01-10,CUST_0467,Product_5,Home,South,321.23,1,0,5,128.43
2023-03-10,CUST_0468,Product_15,Electronics,South,555.0,1,0,4,221.9
2023-04-10,CUST_0469,Product_17,Beauty,South,535.03,1,1,4,213.91
2023-02-03,CUST_0470,Product_9,Home,West,829.57,0,0,3,331.68
2023-06-29,CUST_0471,Product_3,Fashion,West,434.34,1,1,5,173.66
2023-05-18,CUST_0472,Product_20,Fashion,South,510.13,1,0,2,203.96
2023-05-27,CUST_0473,Product_17,Home,East,62.7,1,0,2,25.07
2023-04-06,CUST_0474,Product_10,Electronics,South,439.25,1,0,5,175.62
2023-01-01,CUST_0475,Product_3,Fashion,East,665.39,0,1,2,266.04
2023-03-10,CUST_0476,Product_18,Sports,East,64.73,0,1,5,25.88
2023-01-04,CUST_0477,Product_18,Home,West,316.84,0,0,2,126.68
2023-01-16,CUST_0478,Product_17,Home,East,247.56,0,1,3,98.98
2023-01-24,CUST_0479,Product_3,Fashion,South,89.89,1,0,2,35.94
2023-03-21,CUST_0480,Product_3,Electronics,West,505.3,0,0,4,202.03
2023-01-02,CUST_0481,Product_6,Sports,North,222.64,0,0,5,89.02
2023-05-08,CUST_0482,Product_13,Electronics,North,755.93,0,1,1,302.23
2023-06-09,CUST_0483,Product_15,Beauty,West,855.53,0,0,1,342.06
2023-03-25,CUST_0484,Product_9,Beauty,South,568.31,1,0,5,227.22
2023-06-01,CUST_0485,Product_4,Fashion,North,982.62,0,0,3,392.87
2023-05-20,CUST_0486,Product_14,Fashion,North,477.95,1,1,2,191.09
2023-06-27,CUST_0487,Product_5,Fashion,East,537.7,0,0,3,214.98
2023-06-12,CUST_0488,Product_2,Beauty,East,989.76,1,1,1,395.72
2023-05-04,CUST_0489,Product_11,Electronics,South,269.97,1,0,5,107.94
2023-02-02,CUST_0490,Product_9,Electronics,West,945.42,0,1,5,378.0
2023-06-10,CUST_0491,Product_3,Fashion,South,90.7,0,0,3,36.26
2023-06-28,CUST_0492,Product_9,Sports,West,474.07,0,0,3,189.54
2023-06-20,CUST_0493,Product_3,Electronics,North,116.5,0,1,2,46.58
2023-04-11,CUST_0494,Product_2,Beauty,East,742.77,1,1,4,296.97
2023-01-12,CUST_0495,Product_12,Home,South,627.99,1,0,4,251.08
2023-03-08,CUST_0496,Product_10,Home,South,721.3,0,1,2,288.39
2023-03-06,CUST_0497,Product_9,Home,West,405.76,0,0,4,162.23
2023-06-10,CUST_0498,Product_15,Sports,West,401.01,1,0,1,160.33
2023-06-17,CUST_0499,Product_8,Fashion,South,93.05,0,0,4,37.2
2023-03-15,CUST_0500,Product_5,Beauty,West,382.45,1,1,2,152.91
2023-02-12,CUST_0501,Product_11,Sports,South,932.82,0,0,4,372.96
2023-02-13,CUST_0502,Product_2,Beauty,South,410.27,1,1,5,164.03
2023-01-29,CUST_0503,Product_15,Beauty,South,839.8,1,0,3,335.77
2023-05-21,CUST_0504,Product_6,Fashion,North,850.21,1,1,1,339.93
2023-01-12,CUST_0505,Product_8,Home,West,404.58,1,1,5,161.76
2023-04-05,CUST_0506,Product_5,Fashion,East,650.39,1,0,5,260.04
2023-02-15,CUST_0507,Product_16,Sports,East,140.6,0,1,2,56.21
2023-05-10,CUST_0508,Product_18,Sports,West,148.49,1,0,3,59.37
2023-02-04,CUST_0509,Product_6,Sports,South,96.22,0,0,3,38.47
2023-03-22,CUST_0510,Product_5,Fashion,East,601.96,1,0,1,240.67
2023-03-31,CUST_0511,Product_16,Beauty,East,454.77,1,0,2,181.83
2023-01-08,CUST_0512,Product_13,Beauty,West,570.63,0,0,1,228.15
2023-04-03,CUST_0513,Product_5,Electronics,East,545.02,0,1,4,217.91
2023-06-03,CUST_0514,Product_13,Sports,South,382.69,0,0,5,153.01
2023-03-31,CUST_0515,Product_17,Beauty,West,693.6,0,1,1,277.31
2023-06-11,CUST_0516,Product_18,Electronics,South,770.58,1,1,5,308.09
2023-04-25,CUST_0517,Product_8,Beauty,East,63.9,0,0,2,25.55
2023-04-15,CUST_0518,Product_13,Sports,East,246.88,1,1,4,98.71
2023-05-15,CUST_0519,Product_19,Home,South,727.57,0,0,2,290.9
2023-02-27,CUST_0520,Product_3,Sports,North,417.29,0,1,4,166.84
2023-04-24,CUST_0521,Product_8,Fashion,East,679.36,1,1,4,271.62
2023-03-16,CUST_0522,Product_2,Beauty,North,379.61,1,1,5,151.77
2023-06-06,CUST_0523,Product_8,Beauty,East,421.22,0,0,2,168.41
2023-04-30,CUST_0524,Product_13,Fashion,North,200.74,1,1,2,80.26
2023-06-13,CUST_0525,Product_13,Fashion,North,295.32,1,0,1,118.07
2023-01-21,CUST_0526,Product_1,Home,North,625.14,1,1,2,249.94
2023-06-13,CUST_0527,Product_6,Beauty,South,461.5,1,1,1,184.52
2023-05-18,CUST_0528,Product_19,Beauty,North,785.59,1,1,3,314.09
2023-04-11,CUST_0529,Product_16,Home,North,859.96,1,1,3,343.83
2023-06-01,CUST_0530,Product_8,Electronics,North,564.56,1,0,3,225.72
2023-06-26,CUST_0531,Product_1,Home,East,770.35,1,0,2,308.0
2023-04-09,CUST_0532,Product_16,Sports,North,341.56,0,1,2,136.56
2023-02-05,CUST_0533,Product_9,Beauty,East,444.22,1,1,1,177.61
2023-04-06,CUST_0534,Product_13,Fashion,North,727.14,0,0,4,290.72
2023-06-01,CUST_0535,Product_11,Sports,North,416.9,1,0,1,166.68
2023-05-31,CUST_0536,Product_13,Beauty,South,609.08,1,0,3,243.52
2023-02-06,CUST_0537,Product_10,Home,East,226.1,1,0,1,90.4
2023-01-12,CUST_0538,Product_4,Sports,North,619.78,1,1,4,247.8
2023-04-23,CUST_0539,Product_6,Beauty,East,868.44,0,1,2,347.22
2023-01-13,CUST_0540,Product_7,Electronics,East,875.21,0,0,1,349.92
2023-01-23,CUST_0541,Product_5,Electronics,West,738.13,1,0,3,295.12
2023-04-09,CUST_0542,Product_11,Fashion,South,758.47,0,0,3,303.25
2023-04-15,CUST_0543,Product_13,Beauty,South,580.03,1,0,2,231.91
2023-01-30,CUST_0544,Product_19,Electronics,South,605.43,1,0,1,242.06
2023-01-17,CUST_0545,Product_10,Home,West,176.97,0,0,4,70.76
2023-04-23,CUST_0546,Product_10,Beauty,West,471.67,0,1,2,188.58
2023-03-03,CUST_0547,Product_11,Home,South,478.24,1,1,1,191.21
2023-03-25,CUST_0548,Product_7,Home,West,960.57,1,1,5,384.05
2023-04-22,CUST_0549,Product_18,Electronics,West,459.53,0,0,3,183.73
2023-03-27,CUST_0550,Product_4,Beauty,West,571.88,1,0,4,228.65
2023-05-21,CUST_0551,Product_2,Sports,South,556.59,0,0,4,222.53
2023-01-19,CUST_0552,Product_14,Electronics,South,654.92,1,1,4,261.85
2023-06-26,CUST_0553,Product_13,Electronics,South,760.82,1,0,3,304.19
2023-04-10,CUST_0554,Product_12,Beauty,West,263.79,0,0,1,105.47
2023-05-20,CUST_0555,Product_7,Beauty,South,552.29,0,1,2,220.82
2023-05-27,CUST_0556,Product_2,Home,West,834.62,0,0,1,333.7
2023-03-17,CUST_0557,Product_13,Beauty,North,489.96,1,1,2,195.89
2023-01-09,CUST_0558,Product_14,Home,West,314.53,1,1,4,125.75
2023-01-28,CUST_0559,Product_17,Electronics,East,671.97,1,0,1,268.67
2023-05-08,CUST_0560,Product_9,Fashion,South,832.58,1,1,4,332.88
2023-02-21,CUST_0561,Product_17,Sports,South,109.98,0,0,5,43.97
2023-03-24,CUST_0562,Product_8,Electronics,East,787.95,1,1,4,315.04
2023-04-21,CUST_0563,Product_2,Beauty,West,830.57,1,0,4,332.08
2023-05-24,CUST_0564,Product_13,Sports,North,488.45,1,1,2,195.29
2023-04-27,CUST_0565,Product_3,Fashion,East,984.14,0,0,5,393.48
2023-03-10,CUST_0566,Product_16,Fashion,East,797.37,1,1,4,318.8
2023-04-09,CUST_0567,Product_6,Home,West,784.98,1,1,4,313.85
2023-05-20,CUST_0568,Product_19,Sports,South,760.45,0,1,5,304.04
2023-01-25,CUST_0569,Product_7,Home,West,193.08,1,0,5,77.2
2023-06-29,CUST_0570,Product_10,Electronics,East,256.37,1,0,1,102.5
2023-05-03,CUST_0571,Product_9,Sports,East,490.79,0,1,2,196.23
2023-02-22,CUST_0572,Product_2,Electronics,South,300.8,1,0,5,120.27
2023-05-31,CUST_0573,Product_15,Home,South,444.48,1,1,5,177.71
2023-05-24,CUST_0574,Product_5,Sports,South,894.04,1,0,3,357.45
2023-02-26,CUST_0575,Product_4,Home,West,833.11,0,1,5,333.09
2023-02-08,CUST_0576,Product_20,Sports,South,648.54,1,0,2,259.3
2023-04-19,CUST_0577,Product_4,Home,East,865.21,1,1,4,345.93
2023-02-11,CUST_0578,Product_18,Fashion,East,794.58,0,1,4,317.69
2023-06-16,CUST_0579,Product_4,Home,North,457.54,0,1,4,182.93
2023-05-22,CUST_0580,Product_17,Fashion,West,241.01,1,1,4,96.36
2023-05-02,CUST_0581,Product_12,Home,North,538.49,1,0,3,215.3
2023-05-13,CUST_0582,Product_17,Sports,East,749.42,1,1,5,299.63
2023-06-12,CUST_0583,Product_10,Sports,North,464.6,1,0,4,185.76
2023-03-16,CUST_0584,Product_1,Sports,East,683.43,0,0,1,273.25
2023-05-26,CUST_0585,Product_18,Beauty,North,139.61,1,1,4,55.82
2023-03-17,CUST_0586,Product_18,Electronics,South,760.6,0,0,5,304.1
2023-01-09,CUST_0587,Product_14,Sports,North,822.08,0,0,4,328.68
2023-03-15,CUST_0588,Product_15,Fashion,South,721.5,1,0,3,288.47
2023-05-25,CUST_0589,Product_12,Sports,South,968.9,1,1,2,387.38
2023-01-07,CUST_0590,Product_4,Beauty,West,835.32,0,0,2,333.98
2023-06-23,CUST_0591,Product_3,Fashion,South,907.94,0,0,5,363.01
2023-05-21,CUST_0592,Product_20,Beauty,South,936.89,1,1,2,374.59
2023-06-17,CUST_0593,Product_12,Fashion,North,811.28,0,1,2,324.36
2023-06-19,CUST_0594,Product_7,Home,East,690.55,1,0,1,276.09
2023-05-17,CUST_0595,Product_11,Electronics,West,55.43,1,1,5,22.16
2023-06-27,CUST_0596,Product_1,Electronics,South,492.53,0,0,5,196.92
2023-01-27,CUST_0597,Product_6,Beauty,West,592.6,0,0,2,236.93
2023-05-02,CUST_0598,Product_15,Electronics,North,338.83,1,0,2,135.47
2023-01-05,CUST_0599,Product_15,Beauty,South,352.2,0,1,2,140.82
2023-01-29,CUST_0600,Product_19,Beauty,North,963.1,1,0,3,385.06
2023-06-14,CUST_0601,Product_11,Beauty,West,897.13,1,1,4,358.69
2023-06-15,CUST_0602,Product_2,Electronics,North,856.72,1,1,3,342.53
2023-03-24,CUST_0603,Product_14,Beauty,West,435.71,0,0,5,174.2
2023-05-16,CUST_0604,Product_2,Electronics,North,63.01,1,1,1,25.19
2023-04-19,CUST_0605,Product_4,Beauty,West,126.21,1,1,4,50.46
2023-03-06,CUST_0606,Product_17,Sports,East,346.59,1,1,1,138.57
2023-03-27,CUST_0607,Product_3,Beauty,North,64.96,1,1,5,25.97
2023-05-25,CUST_0608,Product_13,Fashion,North,66.29,1,1,5,26.5
2023-03-12,CUST_0609,Product_9,Beauty,East,920.77,1,0,1,368.14
2023-02-14,CUST_0610,Product_7,Home,East,720.85,1,1,1,288.21
2023-05-12,CUST_0611,Product_15,Beauty,North,343.51,1,0,1,137.34
2023-02-05,CUST_0612,Product_11,Fashion,East,176.01,1,0,5,70.37
2023-03-11,CUST_0613,Product_20,Fashion,South,536.05,1,0,2,214.32
2023-06-08,CUST_0614,Product_2,Electronics,West,55.08,1,0,1,22.02
2023-01-19,CUST_0615,Product_15,Sports,West,941.49,0,0,4,376.42
2023-04-18,CUST_0616,Product_14,Beauty,West,444.07,1,0,5,177.55
2023-06-16,CUST_0617,Product_20,Electronics,South,432.22,1,1,3,172.81
2023-04-01,CUST_0618,Product_11,Sports,East,421.06,1,1,3,168.35
2023-03-31,CUST_0619,Product_3,Beauty,East,115.86,0,1,4,46.32
2023-01-19,CUST_0620,Product_17,Home,North,656.41,1,0,2,262.44
2023-02-08,CUST_0621,Product_12,Beauty,East,746.35,0,1,1,298.4
2023-05-06,CUST_0622,Product_15,Fashion,North,692.32,1,1,5,276.8
2023-06-22,CUST_0623,Product_16,Fashion,South,181.51,1,1,1,72.57
2023-05-21,CUST_0624,Product_5,Home,West,599.9,0,0,5,239.85
2023-05-06,CUST_0625,Product_20,Electronics,West,591.01,1,1,3,236.3
2023-02-27,CUST_0626,Product_6,Sports,West,874.99,0,0,1,349.84
2023-05-28,CUST_0627,Product_19,Beauty,East,410.17,0,1,4,163.99
2023-03-02,CUST_0628,Product_5,Fashion,North,402.91,1,0,2,161.09
2023-05-07,CUST_0629,Product_3,Electronics,North,637.6,1,0,4,254.92
2023-04-15,CUST_0630,Product_1,Home,South,651.42,1,0,2,260.45
2023-06-16,CUST_0631,Product_6,Fashion,East,495.82,1,1,1,198.24
2023-01-01,CUST_0632,Product_15,Home,South,470.91,0,1,1,188.28
2023-05-11,CUST_0633,Product_2,Beauty,North,519.44,0,0,2,207.68
2023-04-02,CUST_0634,Product_3,Sports,North,867.99,1,1,3,347.04
2023-04-23,CUST_0635,Product_17,Fashion,West,488.11,0,0,5,195.16
2023-06-02,CUST_0636,Product_12,Fashion,East,942.94,0,0,4,377.0
2023-02-25,CUST_0637,Product_18,Beauty,North,528.8,1,1,4,211.42
2023-06-10,CUST_0638,Product_15,Electronics,West,951.74,0,1,4,380.52
2023-06-15,CUST_0639,Product_12,Sports,East,841.19,0,1,1,336.32
2023-04-27,CUST_0640,Product_16,Fashion,South,394.31,1,0,4,157.65
2023-05-14,CUST_0641,Product_8,Sports,East,870.46,0,0,5,348.03
2023-02-27,CUST_0642,Product_14,Fashion,East,154.56,1,1,5,61.8
2023-02-13,CUST_0643,Product_17,Sports,North,928.79,0,0,2,371.35
2023-06-22,CUST_0644,Product_8,Home,North,650.06,1,1,1,259.91
2023-06-09,CUST_0645,Product_15,Fashion,East,101.67,0,0,5,40.65
2023-06-22,CUST_0646,Product_14,Sports,North,662.04,0,1,3,264.7
2023-03-02,CUST_0647,Product_18,Electronics,North,975.54,1,1,1,390.04
2023-02-16,CUST_0648,Product_20,Home,North,116.31,1,0,1,46.5
2023-05-29,CUST_0649,Product_7,Home,West,576.95,1,1,5,230.68
2023-03-21,CUST_0650,Product_3,Electronics,West,760.4,1,1,3,304.02
2023-04-28,CUST_0651,Product_12,Sports,East,819.75,0,0,2,327.75
2023-06-13,CUST_0652,Product_3,Beauty,North,443.14,0,1,5,177.18
2023-05-27,CUST_0653,Product_20,Electronics,West,243.96,0,0,3,97.54
2023-01-20,CUST_0654,Product_14,Sports,East,90.23,1,1,1,36.08
2023-05-26,CUST_0655,Product_15,Electronics,North,600.74,0,0,3,240.19
2023-02-16,CUST_0656,Product_14,Electronics,South,480.27,0,1,1,192.02
2023-02-18,CUST_0657,Product_7,Fashion,North,951.31,1,1,5,380.35
2023-01-14,CUST_0658,Product_17,Sports,North,107.57,1,1,5,43.01
2023-05-23,CUST_0659,Product_12,Beauty,West,701.13,0,1,4,280.32
2023-06-08,CUST_0660,Product_20,Fashion,East,73.72,1,0,4,29.47
2023-01-01,CUST_0661,Product_4,Electronics,East,212.86,0,0,4,85.11
2023-04-27,CUST_0662,Product_9,Electronics,West,480.9,0,0,5,192.27
2023-02-23,CUST_0663,Product_6,Electronics,North,482.13,1,0,2,192.76
2023-04-28,CUST_0664,Product_16,Sports,South,701.42,0,0,5,280.44
2023-01-03,CUST_0665,Product_2,Sports,North,914.7,1,0,3,365.71
2023-05-24,CUST_0666,Product_8,Fashion,North,657.08,1,0,5,262.71
2023-01-12,CUST_0667,Product_11,Beauty,South,955.86,0,1,5,382.17
2023-03-15,CUST_0668,Product_13,Fashion,West,887.53,0,1,1,354.85
2023-01-16,CUST_0669,Product_17,Home,East,605.27,0,1,1,242.0
2023-04-12,CUST_0670,Product_8,Electronics,West,842.1,1,1,1,336.69
2023-06-01,CUST_0671,Product_18,Electronics,West,660.45,0,0,5,264.06
2023-06-05,CUST_0672,Product_18,Electronics,North,124.63,1,0,2,49.83
2023-04-27,CUST_0673,Product_14,Fashion,East,753.54,1,0,3,301.28
2023-01-08,CUST_0674,Product_15,Fashion,East,140.16,0,1,3,56.04
2023-05-02,CUST_0675,Product_6,Electronics,West,614.38,1,0,2,245.64
2023-04-02,CUST_0676,Product_11,Fashion,South,717.51,0,1,2,286.87
2023-06-13,CUST_0677,Product_13,Sports,West,113.2,0,0,3,45.26
2023-03-31,CUST_0678,Product_1,Sports,South,269.25,0,0,4,107.65
2023-05-16,CUST_0679,Product_6,Fashion,East,919.89,0,0,1,367.79
2023-03-01,CUST_0680,Product_9,Electronics,West,635.5,0,0,1,254.08
2023-06-27,CUST_0681,Product_8,Fashion,North,283.97,0,1,3,113.54
2023-01-28,CUST_0682,Product_11,Fashion,West,706.15,0,1,2,282.33
2023-04-11,CUST_0683,Product_19,Fashion,East,616.94,1,0,4,246.66
2023-02-10,CUST_0684,Product_9,Home,North,526.5,0,1,3,210.5
2023-06-04,CUST_0685,Product_17,Sports,North,977.38,1,0,1,390.77
2023-05-25,CUST_0686,Product_12,Beauty,South,699.28,1,0,5,279.58
2023-06-10,CUST_0687,Product_14,Beauty,North,406.67,1,0,2,162.59
2023-06-06,CUST_0688,Product_15,Home,North,810.07,0,0,5,323.88
2023-05-21,CUST_0689,Product_16,Fashion,West,890.35,1,1,3,355.98
2023-02-15,CUST_0690,Product_20,Home,East,168.96,1,0,1,67.55
2023-02-04,CUST_0691,Product_1,Home,South,240.53,0,0,4,96.17
2023-05-14,CUST_0692,Product_10,Electronics,West,255.42,0,1,5,102.12
2023-03-23,CUST_0693,Product_8,Sports,North,706.65,1,0,4,282.53
2023-04-25,CUST_0694,Product_18,Beauty,North,622.89,0,1,1,249.04
2023-02-16,CUST_0695,Product_1,Fashion,South,638.04,0,0,5,255.1
2023-06-02,CUST_0696,Product_2,Beauty,East,943.73,0,0,4,377.32
2023-01-10,CUST_0697,Product_1,Beauty,South,787.12,0,0,4,314.7
2023-02-25,CUST_0698,Product_1,Sports,West,171.54,1,0,5,68.58
2023-01-30,CUST_0699,Product_9,Beauty,South,380.13,0,0,1,151.98
2023-04-19,CUST_0700,Product_13,Beauty,North,463.62,0,0,4,185.36
2023-01-05,CUST_0701,Product_1,Home,West,426.16,0,1,3,170.39
2023-04-29,CUST_0702,Product_13,Sports,North,685.84,1,0,5,274.21
2023-02-02,CUST_0703,Product_20,Electronics,East,897.3,1,1,2,358.76
2023-04-28,CUST_0704,Product_7,Fashion,North,340.75,0,1,2,136.24
2023-03-06,CUST_0705,Product_2,Beauty,North,574.28,0,0,1,229.61
2023-05-26,CUST_0706,Product_6,Fashion,South,799.94,1,1,3,319.83
2023-06-26,CUST_0707,Product_7,Electronics,North,445.41,0,0,4,178.08
2023-01-11,CUST_0708,Product_14,Fashion,West,209.71,0,1,2,83.85
2023-03-26,CUST_0709,Product_18,Electronics,West,501.2,1,0,1,200.39
2023-01-26,CUST_0710,Product_15,Home,East,102.46,0,1,3,40.97
2023-03-04,CUST_0711,Product_2,Beauty,West,945.26,0,1,3,377.93
2023-03-27,CUST_0712,Product_10,Electronics,South,121.08,1,0,1,48.41
2023-02-28,CUST_0713,Product_12,Fashion,East,466.53,1,1,1,186.53
2023-01-27,CUST_0714,Product_17,Beauty,West,553.39,0,0,4,221.26
2023-06-26,CUST_0715,Product_8,Home,South,986.04,1,0,1,394.24
2023-06-10,CUST_0716,Product_11,Beauty,West,207.72,0,0,4,83.05
2023-04-08,CUST_0717,Product_3,Electronics,West,158.71,0,0,4,63.46
2023-04-15,CUST_0718,Product_6,Home,North,58.27,0,0,5,23.3
2023-04-09,CUST_0719,Product_9,Fashion,West,197.79,1,1,3,79.08
2023-05-09,CUST_0720,Product_6,Home,West,246.91,1,1,3,98.72
2023-05-29,CUST_0721,Product_9,Home,South,649.05,0,1,3,259.5
2023-02-24,CUST_0722,Product_7,Sports,South,258.72,0,0,5,103.44
2023-01-06,CUST_0723,Product_9,Home,North,69.49,1,1,4,27.78
2023-04-05,CUST_0724,Product_18,Home,West,835.29,1,1,4,333.96
2023-05-13,CUST_0725,Product_12,Beauty,North,397.32,1,1,1,158.86
2023-04-12,CUST_0726,Product_8,Fashion,West,386.01,0,1,5,154.33
2023-01-03,CUST_0727,Product_8,Beauty,East,337.36,1,1,1,134.88
2023-01-23,CUST_0728,Product_18,Beauty,East,976.6,1,0,5,390.46
2023-02-22,CUST_0729,Product_20,Electronics,North,211.61,0,0,1,84.61
2023-06-14,CUST_0730,Product_15,Beauty,North,903.33,0,1,2,361.17
2023-03-24,CUST_0731,Product_7,Sports,North,787.96,0,0,3,315.04
2023-05-25,CUST_0732,Product_11,Sports,South,122.66,1,0,3,49.04
2023-03-26,CUST_0733,Product_20,Electronics,South,987.39,0,1,4,394.78
2023-03-19,CUST_0734,Product_16,Fashion,South,307.8,0,1,2,123.06
2023-04-20,CUST_0735,Product_4,Fashion,North,143.65,0,0,3,57.43
2023-01-01,CUST_0736,Product_6,Beauty,West,837.85,0,1,4,334.99
2023-02-20,CUST_0737,Product_3,Beauty,East,721.34,1,0,2,288.4
2023-06-22,CUST_0738,Product_9,Beauty,North,636.36,0,0,3,254.43
2023-01-04,CUST_0739,Product_10,Fashion,South,198.18,1,1,1,79.24
2023-04-23,CUST_0740,Product_14,Home,South,504.57,1,0,5,201.74
2023-02-01,CUST_0741,Product_11,Sports,North,791.53,1,0,2,316.47
2023-02-03,CUST_0742,Product_18,Home,North,338.44,0,0,4,135.31
2023-04-02,CUST_0743,Product_12,Home,South,346.11,1,1,2,138.38
2023-04-05,CUST_0744,Product_12,Fashion,West,52.98,0,1,4,21.18
2023-03-13,CUST_0745,Product_13,Home,South,215.53,0,1,2,86.17
2023-02-08,CUST_0746,Product_13,Electronics,South,881.64,0,1,4,352.5
2023-06-03,CUST_0747,Product_19,Beauty,North,469.66,1,0,3,187.78
2023-06-11,CUST_0748,Product_19,Electronics,West,985.02,0,1,1,393.83
2023-04-28,CUST_0749,Product_14,Sports,South,425.92,0,1,3,170.29
2023-01-03,CUST_0750,Product_4,Beauty,South,729.43,0,1,1,291.64
2023-05-03,CUST_0751,Product_13,Home,East,317.82,1,1,3,127.07
2023-02-19,CUST_0752,Product_8,Sports,North,395.62,1,0,3,158.18
2023-01-12,CUST_0753,Product_19,Beauty,East,231.19,1,0,2,92.43
2023-02-23,CUST_0754,Product_12,Home,East,379.71,0,0,5,151.81
2023-05-13,CUST_0755,Product_18,Electronics,South,569.88,1,1,4,227.85
2023-02-26,CUST_0756,Product_6,Beauty,North,992.18,0,1,4,396.69
2023-05-25,CUST_0757,Product_18,Home,West,680.99,0,0,4,272.27
2023-04-22,CUST_0758,Product_19,Electronics,South,239.28,1,1,1,95.67
2023-02-16,CUST_0759,Product_5,Sports,West,92.71,0,1,4,37.07
2023-05-31,CUST_0760,Product_9,Sports,West,170.04,1,0,4,67.99
2023-03-26,CUST_0761,Product_3,Sports,North,584.43,0,0,2,233.67
2023-05-22,CUST_0762,Product_10,Sports,East,776.9,1,1,3,310.62
2023-03-07,CUST_0763,Product_19,Fashion,North,943.4,0,1,4,377.19
2023-03-16,CUST_0764,Product_3,Beauty,West,65.03,0,1,5,26.0
2023-06-28,CUST_0765,Product_15,Beauty,South,546.62,0,0,4,218.55
2023-04-13,CUST_0766,Product_1,Fashion,West,497.32,0,0,1,198.84
2023-06-15,CUST_0767,Product_7,Home,South,673.25,0,0,1,269.18
2023-02-07,CUST_0768,Product_12,Home,South,581.6,1,0,1,232.53
2023-02-19,CUST_0769,Product_17,Sports,North,702.69,0,1,4,280.95
2023-04-08,CUST_0770,Product_20,Electronics,West,675.18,1,0,2,269.95
2023-03-23,CUST_0771,Product_5,Home,East,161.16,1,0,5,64.43
2023-01-30,CUST_0772,Product_4,Electronics,West,809.73,1,1,4,323.74
2023-03-20,CUST_0773,Product_12,Beauty,West,167.07,0,1,2,66.8
2023-04-01,CUST_0774,Product_20,Electronics,East,713.6,0,1,2,285.31
2023-06-28,CUST_0775,Product_18,Beauty,North,445.34,0,0,4,178.06
2023-02-21,CUST_0776,Product_17,Fashion,West,538.16,1,1,4,215.17
2023-06-15,CUST_0777,Product_19,Fashion,West,908.13,0,1,2,363.09
2023-03-20,CUST_0778,Product_9,Sports,South,895.39,0,0,2,357.99
2023-01-30,CUST_0779,Product_4,Home,West,826.96,1,0,2,330.63
2023-04-16,CUST_0780,Product_2,Sports,East,534.64,1,1,4,213.76
2023-02-20,CUST_0781,Product_4,Beauty,South,749.43,1,0,2,299.64
2023-03-22,CUST_0782,Product_2,Sports,North,537.25,1,1,1,214.8
2023-05-13,CUST_0783,Product_15,Electronics,South,876.13,1,1,4,350.29
2023-01-29,CUST_0784,Product_2,Beauty,East,432.64,1,0,1,172.98
2023-05-12,CUST_0785,Product_4,Fashion,East,971.72,0,1,3,388.51
2023-05-18,CUST_0786,Product_6,Home,South,935.71,1,0,4,374.11
2023-05-25,CUST_0787,Product_7,Beauty,North,754.52,0,0,3,301.67
2023-03-15,CUST_0788,Product_10,Beauty,South,315.45,0,0,2,126.12
2023-01-17,CUST_0789,Product_19,Electronics,North,175.07,0,1,2,70.0
2023-03-25,CUST_0790,Product_19,Home,South,861.97,1,0,5,344.63
2023-03-10,CUST_0791,Product_12,Fashion,East,207.04,0,0,2,82.78
2023-02-03,CUST_0792,Product_3,Beauty,West,861.55,1,1,3,344.46
2023-01-06,CUST_0793,Product_13,Beauty,West,516.23,1,1,2,206.4
2023-02-22,CUST_0794,Product_18,Electronics,North,436.23,0,1,4,174.41
2023-05-06,CUST_0795,Product_8,Sports,North,908.03,1,1,2,363.05
2023-02-12,CUST_0796,Product_15,Fashion,North,623.66,0,0,5,249.35
2023-04-25,CUST_0797,Product_1,Home,East,597.78,0,0,2,239.0
2023-04-21,CUST_0798,Product_3,Beauty,South,580.83,1,0,3,232.23
2023-05-31,CUST_0799,Product_8,Beauty,East,402.61,0,1,3,160.97
2023-03-21,CUST_0800,Product_4,Fashion,West,796.36,0,1,2,318.4
2023-04-05,CUST_0801,Product_16,Sports,North,290.16,0,0,3,116.01
2023-04-28,CUST_0802,Product_10,Beauty,South,941.95,1,1,3,376.61
2023-05-24,CUST_0803,Product_12,Fashion,West,899.29,0,1,5,359.55
2023-01-08,CUST_0804,Product_14,Electronics,West,370.61,1,0,4,148.18
2023-05-12,CUST_0805,Product_14,Sports,West,742.99,1,0,5,297.06
2023-04-14,CUST_0806,Product_2,Home,East,594.56,0,1,1,237.72
2023-05-12,CUST_0807,Product_5,Beauty,North,370.77,0,1,5,148.24
2023-01-25,CUST_0808,Product_5,Fashion,West,989.1,1,1,2,395.46
2023-04-06,CUST_0809,Product_6,Electronics,North,73.98,1,0,4,29.58
2023-06-04,CUST_0810,Product_13,Home,East,290.01,0,0,2,115.95
2023-04-03,CUST_0811,Product_9,Fashion,West,544.07,0,0,1,217.53
2023-06-09,CUST_0812,Product_15,Fashion,East,545.86,1,0,4,218.24
2023-06-27,CUST_0813,Product_14,Home,East,609.49,1,0,3,243.69
2023-03-02,CUST_0814,Product_7,Electronics,North,764.09,1,1,5,305.5
2023-05-02,CUST_0815,Product_20,Electronics,West,642.3,1,1,2,256.8
2023-02-20,CUST_0816,Product_2,Sports,East,620.27,1,1,1,248.0
2023-05-27,CUST_0817,Product_7,Beauty,West,100.84,0,0,3,40.32
2023-01-21,CUST_0818,Product_6,Home,North,407.7,1,0,5,163.01
2023-01-05,CUST_0819,Product_17,Home,East,270.45,1,0,3,108.13
2023-04-02,CUST_0820,Product_2,Home,North,302.1,0,1,5,120.79
2023-06-19,CUST_0821,Product_3,Electronics,West,576.62,0,0,4,230.54
2023-03-02,CUST_0822,Product_5,Beauty,West,239.53,1,0,3,95.77
2023-01-22,CUST_0823,Product_5,Sports,North,329.25,1,1,3,131.64
2023-05-29,CUST_0824,Product_1,Fashion,South,275.23,0,0,3,110.04
2023-03-11,CUST_0825,Product_8,Fashion,East,951.08,1,1,4,380.26
2023-01-01,CUST_0826,Product_12,Home,West,947.43,1,0,1,378.8
2023-05-13,CUST_0827,Product_4,Beauty,West,629.44,0,0,5,251.66
2023-01-12,CUST_0828,Product_13,Electronics,East,928.3,1,1,3,371.15
2023-03-31,CUST_0829,Product_15,Beauty,North,796.52,0,1,4,318.46
2023-02-15,CUST_0830,Product_11,Beauty,North,610.45,0,1,1,244.07
2023-02-03,CUST_0831,Product_10,Electronics,North,56.11,0,1,5,22.43
2023-06-26,CUST_0832,Product_3,Home,South,783.89,0,1,4,313.41
2023-03-19,CUST_0833,Product_14,Beauty,South,717.36,1,1,5,286.81
2023-02-14,CUST_0834,Product_16,Fashion,West,634.49,0,0,3,253.68
2023-06-04,CUST_0835,Product_10,Electronics,North,772.4,1,0,1,308.82
2023-03-14,CUST_0836,Product_10,Sports,East,537.28,1,1,4,214.81
2023-01-26,CUST_0837,Product_12,Home,West,718.88,1,0,1,287.42
2023-02-16,CUST_0838,Product_9,Electronics,East,938.41,1,1,3,375.19
2023-05-01,CUST_0839,Product_1,Sports,West,407.01,1,0,1,162.73
2023-02-25,CUST_0840,Product_5,Sports,South,722.72,0,1,1,288.96
2023-04-04,CUST_0841,Product_20,Beauty,West,501.9,0,0,2,200.67
2023-04-17,CUST_0842,Product_8,Beauty,South,690.68,0,0,1,276.15
2023-03-04,CUST_0843,Product_11,Beauty,West,774.75,0,0,5,309.76
2023-02-17,CUST_0844,Product_12,Electronics,North,93.18,1,0,4,37.26
2023-03-02,CUST_0845,Product_1,Electronics,East,664.27,0,0,2,265.59
2023-03-22,CUST_0846,Product_20,Home,North,265.4,1,1,4,106.11
2023-01-26,CUST_0847,Product_11,Beauty,West,686.53,1,1,4,274.49
2023-02-05,CUST_0848,Product_5,Sports,West,494.91,0,1,3,197.87
2023-01-01,CUST_0849,Product_15,Fashion,West,784.88,0,0,3,313.81
2023-01-08,CUST_0850,Product_5,Home,South,167.23,0,1,2,66.86
2023-04-23,CUST_0851,Product_12,Electronics,East,645.01,0,0,3,257.89
2023-04-09,CUST_0852,Product_5,Home,East,314.55,1,0,3,125.76
2023-06-29,CUST_0853,Product_17,Home,West,860.33,1,0,3,343.98
2023-02-16,CUST_0854,Product_17,Home,West,931.96,0,1,4,372.61
2023-05-07,CUST_0855,Product_12,Home,South,996.58,1,0,2,398.45
2023-02-25,CUST_0856,Product_15,Fashion,North,806.21,1,1,4,322.34
2023-01-14,CUST_0857,Product_15,Beauty,North,766.05,1,1,5,306.28
2023-01-28,CUST_0858,Product_6,Sports,East,254.73,0,0,4,101.85
2023-03-19,CUST_0859,Product_12,Home,South,369.21,1,0,5,147.62
2023-05-10,CUST_0860,Product_20,Home,West,492.4,0,1,1,196.87
2023-04-19,CUST_0861,Product_18,Home,East,784.71,0,1,1,313.74
2023-06-03,CUST_0862,Product_14,Beauty,South,919.22,1,1,5,367.52
2023-01-14,CUST_0863,Product_2,Electronics,North,229.68,1,1,5,91.83
2023-02-25,CUST_0864,Product_9,Electronics,South,926.25,0,1,4,370.33
2023-04-25,CUST_0865,Product_5,Fashion,North,710.84,1,1,5,284.21
2023-01-07,CUST_0866,Product_20,Electronics,South,630.23,1,0,2,251.98
2023-01-03,CUST_0867,Product_1,Home,East,239.85,0,1,1,95.9
2023-04-21,CUST_0868,Product_3,Home,North,102.75,0,1,1,41.08
2023-05-31,CUST_0869,Product_6,Home,East,590.04,0,1,5,235.91
2023-04-17,CUST_0870,Product_5,Fashion,East,668.94,0,1,3,267.45
2023-01-18,CUST_0871,Product_5,Home,North,250.24,1,0,3,100.05
2023-02-07,CUST_0872,Product_1,Electronics,North,578.63,1,0,5,231.35
2023-04-25,CUST_0873,Product_17,Beauty,West,863.67,0,1,2,345.31
2023-01-15,CUST_0874,Product_19,Beauty,West,843.31,0,1,3,337.17
2023-04-29,CUST_0875,Product_14,Sports,West,930.99,0,1,5,372.23
2023-01-28,CUST_0876,Product_12,Electronics,East,397.59,1,0,2,158.96
2023-02-08,CUST_0877,Product_10,Home,East,352.15,0,0,2,140.8
2023-01-17,CUST_0878,Product_20,Beauty,West,761.95,1,0,4,304.64
2023-03-27,CUST_0879,Product_18,Electronics,East,459.56,0,0,2,183.74
2023-05-06,CUST_0880,Product_11,Beauty,East,133.17,0,0,3,53.24
2023-02-13,CUST_0881,Product_2,Home,North,318.66,0,0,3,127.41
2023-01-25,CUST_0882,Product_18,Beauty,North,447.65,1,1,5,178.98
2023-05-25,CUST_0883,Product_7,Sports,East,327.89,1,0,5,131.1
2023-01-13,CUST_0884,Product_15,Sports,West,365.6,1,0,2,146.17
2023-01-25,CUST_0885,Product_11,Beauty,South,329.09,0,1,1,131.58
2023-03-09,CUST_0886,Product_18,Electronics,West,89.42,1,0,4,35.75
2023-05-18,CUST_0887,Product_12,Electronics,South,655.24,1,1,1,261.98
2023-03-08,CUST_0888,Product_6,Electronics,West,617.43,0,0,2,246.86
2023-04-19,CUST_0889,Product_20,Beauty,North,670.71,0,1,2,268.16
2023-05-26,CUST_0890,Product_13,Electronics,East,232.69,1,1,1,93.03
2023-04-21,CUST_0891,Product_20,Home,East,330.87,1,1,4,132.29
2023-04-21,CUST_0892,Product_16,Sports,North,638.64,1,1,1,255.34
2023-02-03,CUST_0893,Product_18,Home,South,619.65,1,1,5,247.75
2023-04-21,CUST_0894,Product_10,Electronics,South,531.01,0,0,3,212.31
2023-01-08,CUST_0895,Product_8,Home,South,382.89,0,0,5,153.09
2023-06-17,CUST_0896,Product_18,Electronics,North,917.28,0,1,3,366.75
2023-04-23,CUST_0897,Product_1,Beauty,South,372.78,1,1,2,149.04
2023-03-24,CUST_0898,Product_8,Home,North,482.84,1,1,4,193.05
2023-02-11,CUST_0899,Product_6,Beauty,West,694.21,0,0,1,277.56
2023-06-18,CUST_0900,Product_5,Beauty,West,565.87,0,1,4,226.25
2023-04-11,CUST_0901,Product_15,Fashion,North,379.54,1,1,1,151.75
2023-01-06,CUST_0902,Product_15,Electronics,East,463.86,1,1,5,185.46
2023-06-29,CUST_0903,Product_2,Sports,West,804.76,0,1,5,321.76
2023-01-26,CUST_0904,Product_1,Electronics,South,314.22,0,0,1,125.63
2023-03-05,CUST_0905,Product_11,Sports,North,185.14,0,1,4,74.02
2023-02-28,CUST_0906,Product_10,Electronics,South,347.51,1,1,1,138.94
2023-04-19,CUST_0907,Product_18,Beauty,South,857.06,1,0,2,342.67
2023-05-01,CUST_0908,Product_18,Home,East,134.54,1,1,5,53.79
2023-02-02,CUST_0909,Product_17,Home,South,992.11,1,1,2,396.66
2023-05-30,CUST_0910,Product_8,Fashion,East,563.95,1,0,5,225.48
2023-01-21,CUST_0911,Product_15,Sports,West,985.6,1,0,5,394.06
2023-03-11,CUST_0912,Product_8,Sports,North,942.05,0,0,3,376.65
2023-04-22,CUST_0913,Product_17,Sports,South,480.17,0,1,2,191.98
2023-01-04,CUST_0914,Product_12,Beauty,North,238.57,1,1,2,95.38
2023-04-04,CUST_0915,Product_8,Sports,South,206.64,0,0,3,82.62
2023-03-16,CUST_0916,Product_14,Home,North,277.99,1,0,4,111.15
2023-03-03,CUST_0917,Product_4,Beauty,South,724.63,0,0,2,289.72
2023-04-04,CUST_0918,Product_1,Electronics,South,309.3,1,1,1,123.66
2023-04-05,CUST_0919,Product_1,Sports,South,374.35,0,1,3,149.67
2023-06-01,CUST_0920,Product_19,Sports,South,476.34,0,0,2,190.45
2023-02-24,CUST_0921,Product_16,Electronics,South,917.57,1,1,4,366.86
2023-05-17,CUST_0922,Product_14,Sports,South,229.92,1,0,2,91.93
2023-05-11,CUST_0923,Product_16,Electronics,South,54.78,0,1,5,21.9
2023-01-31,CUST_0924,Product_5,Beauty,South,107.09,0,1,1,42.82
2023-02-09,CUST_0925,Product_9,Home,South,909.53,1,1,3,363.65
2023-02-05,CUST_0926,Product_2,Electronics,North,665.14,0,1,5,265.94
2023-06-01,CUST_0927,Product_18,Fashion,East,309.39,1,0,4,123.7
2023-01-06,CUST_0928,Product_6,Electronics,South,218.33,1,1,5,87.29
2023-03-07,CUST_0929,Product_9,Sports,East,329.55,0,1,5,131.76
2023-03-16,CUST_0930,Product_1,Beauty,South,159.06,1,0,4,63.6
2023-01-04,CUST_0931,Product_9,Beauty,South,944.46,0,1,5,377.61
2023-03-20,CUST_0932,Product_16,Electronics,North,795.0,0,0,3,317.86
2023-05-14,CUST_0933,Product_13,Home,West,489.27,1,0,2,195.62
2023-04-28,CUST_0934,Product_9,Fashion,West,871.71,0,1,5,348.53
2023-04-23,CUST_0935,Product_13,Beauty,North,286.99,1,1,3,114.74
2023-04-04,CUST_0936,Product_9,Sports,East,731.26,1,0,2,292.37
2023-06-28,CUST_0937,Product_11,Sports,West,863.33,1,0,2,345.18
2023-03-03,CUST_0938,Product_4,Home,North,388.93,0,0,5,155.5
2023-03-20,CUST_0939,Product_2,Beauty,North,769.59,1,1,3,307.7
2023-05-16,CUST_0940,Product_6,Electronics,West,330.32,0,0,5,132.07
2023-01-26,CUST_0941,Product_14,Sports,East,333.91,1,0,4,133.5
2023-06-28,CUST_0942,Product_4,Home,North,151.7,1,0,2,60.65
2023-06-22,CUST_0943,Product_6,Beauty,South,468.06,1,1,5,187.14
2023-02-13,CUST_0944,Product_19,Beauty,East,743.23,0,0,2,297.16
2023-05-13,CUST_0945,Product_6,Beauty,East,943.21,0,1,3,377.11
2023-03-11,CUST_0946,Product_2,Beauty,West,623.61,1,1,1,249.33
2023-06-03,CUST_0947,Product_18,Beauty,West,869.98,1,0,5,347.83
2023-04-28,CUST_0948,Product_13,Sports,South,831.37,0,1,5,332.4
2023-03-09,CUST_0949,Product_9,Home,North,214.68,0,0,2,85.83
2023-01-19,CUST_0950,Product_19,Beauty,West,511.53,0,1,3,204.52
2023-01-20,CUST_0951,Product_13,Fashion,West,161.08,1,1,4,64.4
2023-04-23,CUST_0952,Product_11,Fashion,East,698.05,0,0,3,279.09
2023-05-20,CUST_0953,Product_1,Home,West,952.4,1,0,5,380.79
2023-02-16,CUST_0954,Product_7,Electronics,West,180.23,0,0,4,72.06
2023-01-01,CUST_0955,Product_15,Electronics,West,747.19,1,1,3,298.74
2023-03-31,CUST_0956,Product_1,Electronics,West,650.63,1,1,1,260.13
2023-05-22,CUST_0957,Product_12,Fashion,East,604.42,1,0,2,241.66
2023-03-05,CUST_0958,Product_7,Electronics,South,420.61,0,0,3,168.17
2023-02-07,CUST_0959,Product_15,Sports,South,387.38,0,1,3,154.88
2023-02-06,CUST_0960,Product_19,Beauty,North,92.99,0,1,1,37.18
2023-05-06,CUST_0961,Product_1,Fashion,West,257.01,1,1,5,102.76
2023-05-19,CUST_0962,Product_17,Home,East,64.42,1,0,2,25.76
2023-04-10,CUST_0963,Product_17,Home,North,602.35,0,1,3,240.83
2023-03-18,CUST_0964,Product_3,Beauty,North,150.56,1,0,4,60.2
2023-01-03,CUST_0965,Product_12,Fashion,South,879.37,1,1,3,351.59
2023-06-10,CUST_0966,Product_6,Electronics,East,546.99,1,1,2,218.7
2023-05-14,CUST_0967,Product_11,Electronics,East,714.71,0,0,3,285.75
2023-06-27,CUST_0968,Product_3,Sports,East,440.31,1,0,1,176.04
2023-01-10,CUST_0969,Product_8,Sports,South,582.55,0,0,3,232.91
2023-01-05,CUST_0970,Product_14,Electronics,South,945.53,0,1,3,378.04
2023-05-31,CUST_0971,Product_14,Home,South,128.6,0,1,4,51.42
2023-05-18,CUST_0972,Product_10,Home,South,291.24,0,1,1,116.44
2023-06-21,CUST_0973,Product_2,Sports,South,790.99,0,0,1,316.25
2023-05-10,CUST_0974,Product_14,Beauty,West,143.8,1,1,3,57.49
2023-01-13,CUST_0975,Product_9,Electronics,West,121.88,0,0,4,48.73
2023-06-17,CUST_0976,Product_3,Sports,East,393.46,0,0,3,157.31
2023-05-10,CUST_0977,Product_8,Sports,North,137.56,0,0,3,55.0
2023-03-25,CUST_0978,Product_16,Electronics,East,605.82,1,1,2,242.22
2023-03-06,CUST_0979,Product_2,Electronics,North,264.96,1,1,2,105.94
2023-03-04,CUST_0980,Product_6,Home,South,900.91,1,0,4,360.2
2023-04-11,CUST_0981,Product_12,Beauty,North,794.33,1,1,5,317.59
2023-03-14,CUST_0982,Product_5,Beauty,East,714.72,0,0,2,285.76
2023-01-17,CUST_0983,Product_2,Electronics,East,636.1,0,0,5,254.32
2023-01-09,CUST_0984,Product_16,Fashion,North,870.29,1,1,1,347.96
2023-05-23,CUST_0985,Product_5,Sports,West,261.91,1,0,2,104.72
2023-06-01,CUST_0986,Product_15,Sports,South,879.45,1,0,2,351.62
2023-02-07,CUST_0987,Product_12,Electronics,South,800.02,1,1,4,319.86
2023-06-12,CUST_0988,Product_4,Fashion,East,760.75,0,0,5,304.16
2023-04-04,CUST_0989,Product_15,Home,West,583.19,1,0,2,233.17
2023-04-05,CUST_0990,Product_11,Electronics,North,283.93,1,0,2,113.52
2023-02-18,CUST_0991,Product_16,Electronics,South,452.37,1,0,4,180.87
2023-03-10,CUST_0992,Product_6,Sports,West,803.89,1,0,4,321.41
2023-03-03,CUST_0993,Product_14,Electronics,South,80.19,1,0,5,32.06
2023-06-27,CUST_0994,Product_18,Electronics,West,792.95,1,0,1,317.04
2023-03-19,CUST_0995,Product_12,Electronics,West,278.07,1,1,1,111.18
2023-04-27,CUST_0996,Product_11,Sports,East,187.09,0,1,3,74.8
2023-04-30,CUST_0997,Product_13,Home,South,159.92,0,0,2,63.94
2023-05-17,CUST_0998,Product_11,Home,North,75.89,0,0,5,30.34
2023-06-11,CUST_0999,Product_16,Electronics,East,547.41,0,1,2,218.86
2023-03-17,CUST_1000,Product_15,Sports,East,257.35,0,1,5,102.89
